idProduct,name,price,details,cantidad
1,pasta,32,justo,2
2,cereals,63,"facilisis non, bibendum sed, est. Nunc laoreet lectus",3
3,cereals,19,purus mauris a nunc. In at pede.,2
4,seafood,12,eget odio. Aliquam vulputate ullamcorper magna. Sed eu eros. Nam consequat dolor vitae dolor. Donec fringilla.,2
5,desserts,46,aliquam eros turpis non enim. Mauris quis turpis vitae purus gravida sagittis. Duis gravida. Praesent eu nulla at,3
6,salads,75,"molestie pharetra nibh. Aliquam ornare, libero at auctor ullamcorper, nisl arcu iaculis",1
7,soups,30,"consectetuer mauris id sapien. Cras dolor dolor, tempus non, lacinia at, iaculis quis, pede. Praesent eu dui.",4
8,sandwiches,57,Donec,4
9,cereals,19,lobortis. Class aptent taciti sociosqu ad,3
10,cereals,72,"vitae, posuere at, velit. Cras lorem lorem, luctus ut, pellentesque eget, dictum placerat, augue. Sed molestie. Sed id",4
11,seafood,61,quam. Pellentesque habitant morbi tristique senectus et netus et malesuada,3
12,desserts,82,"et, rutrum",3
13,soups,59,tincidunt pede ac urna. Ut tincidunt vehicula risus. Nulla eget metus eu erat semper,5
14,stews,44,Nam,5
15,cereals,67,"ipsum ac mi eleifend egestas. Sed pharetra, felis eget varius ultrices, mauris ipsum porta elit, a feugiat tellus lorem eu",1
16,seafood,33,"dolor sit amet, consectetuer adipiscing elit.",2
17,pasta,67,"feugiat nec, diam. Duis mi enim, condimentum eget, volutpat ornare, facilisis eget, ipsum. Donec sollicitudin adipiscing ligula. Aenean gravida",2
18,salads,79,"euismod et, commodo at, libero. Morbi accumsan laoreet ipsum. Curabitur consequat, lectus sit amet",2
19,salads,98,orci. Phasellus dapibus quam quis diam. Pellentesque habitant morbi tristique senectus,1
20,cereals,36,"ultrices a, auctor non, feugiat",4
21,cereals,84,et ultrices posuere cubilia Curae; Phasellus ornare. Fusce mollis.,4
22,pies,67,"elit, pellentesque a, facilisis non, bibendum sed, est. Nunc laoreet lectus",1
23,desserts,32,"mauris, aliquam eu, accumsan sed, facilisis vitae, orci. Phasellus dapibus quam quis diam. Pellentesque habitant morbi tristique",3
24,cereals,87,"cursus in, hendrerit consectetuer, cursus et, magna. Praesent interdum ligula eu",4
25,pasta,13,Vivamus nisi. Mauris nulla. Integer urna. Vivamus molestie dapibus ligula.,2
26,seafood,58,"lectus, a sollicitudin orci sem eget massa. Suspendisse eleifend. Cras sed leo. Cras",1
27,desserts,41,odio tristique pharetra. Quisque ac libero nec ligula consectetuer rhoncus. Nullam,5
28,seafood,77,"vitae, orci. Phasellus",3
29,noodles,47,"magna. Nam ligula elit, pretium et,",2
30,cereals,38,"lorem ut aliquam iaculis, lacus pede sagittis augue, eu tempor erat neque non quam. Pellentesque habitant",3
31,pies,54,"nibh. Phasellus nulla. Integer vulputate, risus a ultricies adipiscing, enim mi tempor lorem, eget",4
32,noodles,16,"a mi fringilla mi lacinia mattis. Integer eu lacus. Quisque imperdiet, erat nonummy ultricies ornare,",3
33,desserts,18,"imperdiet, erat nonummy ultricies ornare,",1
34,noodles,20,tellus eu augue porttitor interdum. Sed auctor odio a,1
35,noodles,92,"tincidunt dui augue eu tellus. Phasellus elit pede, malesuada vel, venenatis vel, faucibus id,",1
36,seafood,49,ut dolor dapibus gravida. Aliquam,1
37,seafood,69,"libero nec ligula consectetuer rhoncus. Nullam velit dui,",3
38,sandwiches,56,"faucibus leo, in lobortis tellus justo sit amet nulla. Donec non justo. Proin non massa non",3
39,stews,43,"ipsum ac mi eleifend egestas. Sed pharetra, felis eget varius ultrices, mauris ipsum porta elit, a feugiat tellus",1
40,soups,71,ultrices. Duis volutpat nunc sit amet metus. Aliquam,3
41,desserts,55,"velit in aliquet lobortis,",3
42,sandwiches,29,"urna. Nullam lobortis quam a felis ullamcorper viverra. Maecenas iaculis aliquet diam. Sed diam lorem,",4
43,desserts,92,"auctor, nunc nulla vulputate dui,",1
44,desserts,24,magna. Sed eu eros. Nam consequat dolor vitae dolor. Donec fringilla. Donec feugiat metus,4
45,desserts,86,"dis parturient montes, nascetur",2
46,cereals,80,dui. Cum sociis,3
47,pies,25,"Phasellus ornare. Fusce mollis. Duis sit amet diam eu dolor egestas rhoncus. Proin nisl sem, consequat nec, mollis vitae,",3
48,stews,74,"nec tempus scelerisque, lorem ipsum sodales purus,",1
49,stews,18,Mauris eu turpis. Nulla aliquet. Proin velit. Sed malesuada augue ut lacus. Nulla,3
50,soups,90,"mauris,",5
51,soups,61,"arcu iaculis enim, sit amet ornare lectus justo eu arcu. Morbi sit amet",4
52,seafood,19,"non leo. Vivamus nibh dolor, nonummy ac, feugiat non, lobortis quis, pede. Suspendisse",2
53,pies,100,egestas. Aliquam fringilla cursus purus.,3
54,soups,79,"egestas blandit. Nam nulla magna, malesuada vel, convallis in, cursus et, eros. Proin ultrices. Duis volutpat nunc sit",2
55,seafood,87,nunc. Quisque ornare tortor,1
56,soups,65,"elementum, lorem ut aliquam iaculis, lacus pede sagittis augue, eu tempor erat neque",2
57,pies,17,"sapien, gravida non, sollicitudin a, malesuada id, erat. Etiam vestibulum massa",4
58,pasta,54,"dolor dapibus gravida. Aliquam tincidunt, nunc",1
59,salads,56,In tincidunt congue turpis. In condimentum. Donec at arcu. Vestibulum ante ipsum primis in,2
60,salads,63,ultricies dignissim lacus. Aliquam rutrum lorem ac risus. Morbi metus.,5
61,noodles,58,tellus id nunc,2
62,sandwiches,58,semper pretium neque. Morbi quis urna. Nunc quis arcu vel quam dignissim pharetra. Nam ac nulla. In tincidunt,5
63,noodles,28,eu odio,5
64,sandwiches,47,"sagittis placerat. Cras dictum ultricies ligula. Nullam enim. Sed nulla ante, iaculis nec, eleifend non, dapibus rutrum,",5
65,stews,29,eu odio tristique pharetra. Quisque ac libero nec,3
66,noodles,40,"sem mollis dui, in sodales elit erat vitae risus. Duis a mi fringilla",2
67,soups,30,"venenatis vel, faucibus id, libero. Donec consectetuer mauris id sapien. Cras dolor dolor, tempus non, lacinia at, iaculis quis, pede.",2
68,cereals,42,"orci lacus vestibulum lorem, sit amet ultricies sem magna nec quam. Curabitur vel lectus. Cum sociis natoque",2
69,soups,45,at risus. Nunc ac sem ut dolor dapibus gravida. Aliquam,3
70,pasta,78,Morbi metus. Vivamus euismod,3
71,salads,96,mus. Proin vel,5
72,sandwiches,13,"dui. Fusce aliquam, enim",4
73,cereals,97,dolor. Donec fringilla. Donec feugiat,1
74,desserts,42,Aenean gravida nunc,5
75,salads,41,In nec orci. Donec nibh. Quisque nonummy ipsum non arcu. Vivamus,2
76,soups,27,Mauris non dui nec,5
77,stews,41,"Lorem ipsum dolor sit amet, consectetuer adipiscing",3
78,pasta,97,Cras dictum ultricies ligula. Nullam,3
79,seafood,85,"ultrices. Vivamus rhoncus. Donec est. Nunc ullamcorper, velit in aliquet lobortis, nisi nibh lacinia orci, consectetuer",4
80,seafood,12,In tincidunt congue turpis. In condimentum. Donec at,3
81,sandwiches,74,"libero. Integer in magna. Phasellus dolor elit, pellentesque a, facilisis non, bibendum sed, est. Nunc laoreet lectus quis",2
82,cereals,27,Nam porttitor scelerisque neque. Nullam nisl. Maecenas,1
83,noodles,55,"consequat purus. Maecenas libero est, congue a, aliquet vel, vulputate eu, odio. Phasellus",5
84,sandwiches,39,"elit. Aliquam auctor,",5
85,stews,51,sem molestie sodales. Mauris blandit enim consequat purus. Maecenas libero,2
86,seafood,79,"Nullam scelerisque neque sed sem egestas blandit. Nam nulla magna, malesuada vel, convallis",3
87,pasta,41,"Donec non justo. Proin non massa non ante bibendum ullamcorper. Duis cursus, diam",1
88,pies,78,"malesuada vel, venenatis vel, faucibus id, libero. Donec",3
89,sandwiches,47,"Donec felis orci, adipiscing non, luctus sit amet, faucibus ut, nulla. Cras eu tellus eu augue porttitor interdum. Sed auctor",1
90,cereals,72,odio sagittis semper. Nam tempor,5
91,soups,82,"elit sed consequat auctor, nunc nulla vulputate dui, nec tempus mauris erat eget ipsum. Suspendisse sagittis.",2
92,seafood,94,orci luctus et ultrices posuere cubilia Curae; Donec,5
93,desserts,89,Donec tincidunt. Donec vitae erat vel pede blandit congue. In scelerisque scelerisque dui. Suspendisse,5
94,noodles,41,Donec feugiat metus sit amet ante. Vivamus non lorem vitae odio sagittis semper. Nam tempor diam dictum sapien. Aenean,5
95,sandwiches,95,"blandit. Nam nulla magna, malesuada vel, convallis in, cursus",1
96,desserts,87,"Nullam scelerisque neque sed sem egestas blandit. Nam nulla magna, malesuada vel, convallis in, cursus et, eros. Proin ultrices. Duis",2
97,pasta,22,Donec sollicitudin adipiscing ligula. Aenean gravida nunc sed pede. Cum,5
98,noodles,80,"cursus. Nunc mauris elit, dictum eu, eleifend nec,",2
99,pasta,43,"pharetra sed, hendrerit a, arcu. Sed et libero. Proin mi. Aliquam gravida mauris ut mi. Duis risus odio, auctor vitae,",4
100,stews,70,"elit sed consequat auctor, nunc nulla",4